layer,magnitude,cohens_d,p_value,valid
18,35.1,9.055,0.0,True
17,27.31,8.766,0.0,True
20,42.0,8.375,0.0,True
19,39.97,8.2,2.866e-321,True
21,53.78,8.164,2.661e-320,True
26,99.75,8.125,3.61755e-319,True
25,93.0,8.05,4.938957e-317,True
24,84.2,7.848,5.464524638324e-312,True
27,79.2,7.832,2.0054989792415e-311,True
22,67.94,7.766,1.475494809256183e-309,True
